rating,content,userName,at,reviewCreatedVersion
4,"единственное сносное приложение от Vk (наравне с VK video). нравится музыка, система, лёгкий интерфейс, да и цена для оплаты подписки вполне приемлемая. в какой-то момент устала постоянно закачивать музыку в телефон и вк музыка спасает в этом плане. 4 звезды потому, что порой сильно лагает и в этом приложении можно найти не все. некоторые песни блокируются, но все понимают, что это в силу законодательства и безопасности пользователей.",wame,2026-06-20 18:57:39,8.28
5,здравствуйте разработчики vk. да я пользовался начал пользоваться приложением вк музыка недавно но я музыку слушал в вк контактах. вк и вк музыка и все ваши приложения не очень удобные! у меня уже даже свой аккаунт есть даже. и так же я могу сказать про вк видео очень оно удобно и напоминает youtube. теперь вк это у меня замена тик тока . вк видео это замета ютуба. а вк музыка это замена ютуба музыки и звука! никогда не отстану от этого приложения.♥️♥️♥️♥️♥️♥️♥️♥️♥️♥️♥️♥️♥️♥️♥️♥️♥️♥️♥️♥️♥️♥️♥️♥️,Тимофей Толстов,2026-06-20 16:14:04,8.29
5,Очень хорошо мне нравиться,Милана Гармс,2026-06-20 14:56:41,8.28
5,лучшие спасибо,Март,2026-06-20 13:56:33,8.29
1,Я конечно все понимаю но отменять подписку когда ещё пол месяца есть это перебор,Leila,2026-06-20 12:51:13,8.29
1,"как и все ВКашное какашное. Авторизацию потребовал. после попросил ввести цифры с картинки. и при этом сказал что версия старая нужно обновить. при этом обновление не предлагает. через полгода попробовал повторно регнуться. ничего не изменилось... создаю аккаунт просит пароль, создаю пароль он говорит неверный..!? Страна Создавшая только одну программу МАХ. Похоже ей и будет пользоваться.",Ваня Мирный,2026-06-20 11:46:30,7.12
5,Все норм,Сергей Честин,2026-06-20 10:51:27,
2,"приложение отличное, сделано хорошо, постарались. Единственная причина почему не пять звёзд это. 1 постоянная реклама, не каждый раз, но часто. 2 Просто конская цена подписки-200₽.Это лично для меня много с моей зарплатой. И у РАЗРАБОТЧИКОВ хвало не треснит от того го , каждый месяц по двести рублей!",Андрей Сыресин,2026-06-20 06:24:44,8.28
1,"Пользусь музыкой от ВК года с 2016, все устраивало, но, в связи с событиями которые происходят, она перестала работать через ВПН, жаль покидать площадку, достаточно удобной была",BOGDAN505,2026-06-20 05:31:17,8.29
5,"приложение очень хорошее, мне нравится то что есть все песни, а то в некоторых музыкальных приложениях этого просто нет, но минус в том что я поменяла телефон, и ко мне перестал приходить код подтверждения чтобы сделать свой аккаунт снова, а так я очень рада приложению",Jasmine,2026-06-20 03:45:47,8.28
3,Приложение хорошее но... начну с минусов почему эта ужасная подписка есть вообще?! только выходишь из приложения музыка выключается 🤬 короче всё имба только уберите эту подписку 😤 а так-то норм.,Manin Miroslav,2026-06-20 02:23:51,8.27
5,очень много музыки и много плейлистов которые очень нравятся многим + вайб песен +респект,Кристина,2026-06-20 02:19:12,8.28
5,а тут есть возможность поставить песни на рингтон?,Алексей,2026-06-20 02:08:20,7.12
2,"1) постоянные проблемы с эквалайзером. когда хочешь добавит низких частот, бывает такое что эквалайзер просто начинает пердеть и вурчать на басах. частая проблема что он иногда вообще не включается на некоторых песнях , также проблема что высвечивается надпись ""в данный момент эквалайзер не доступен на вашем устройстве"" 2) Почти при каждом перезаходе в приложение вылетает из аккаунта и приходится входить снова. 3) реклама каждые 5 треков, перебор. Вообщем очень много багов. не советую!",Даниил,2026-06-20 02:01:09,8.29
5,самое лучшие предложения в моей жизни!!!!,Вера,2026-06-20 01:51:23,8.29
5,"Большое спасибо, всё починили. музыку скачала, без интернета можно слушать, теперь поеду на море с любимой музыкой.",Юлия,2026-06-20 01:31:38,
3,короче приложение классное но то что надо выключать впн очень надоел я потом как зашёл в музыку на 30-60 мин я иду в ютуб но иза приложения мне приходится его включать опять а там лимит на подключение,Вова Глебанов,2026-06-20 01:11:57,8.29
5,лучшее приложение. мне кажется понятно почему😁,Anastasia Totskaya,2026-06-20 00:47:30,8.28
1,"200 рублей в месяц подписка, сохраненная музыка не работает без интернета, я думал сохраненная она на то и сохраненная чтобы без интернета работать, пишет нет интернета перейдите в скачанное, перешёл треки не включаются, пока интернет не появится",Дмитрий Миррор,2026-06-20 00:46:59,
2,"Уже писал о недостатках и возможных улучшения около года назад (предлагал ввести функцию добавления трека сразу в несколько плейлистов сразу, а не каждый трек руками отдельно в каждый плейлист раскладывать и т.д.) что по итогу? Композиции вообще перестали добавляться в 50% плейлистов. И не понятно с чем это связанно. Хорошая работа.",Н. Исмаилов,2026-06-19 22:24:11,8.28
4,"Приложение хорошо работает, жаль что слушать музыку выходя из приложения можно только платно, единственная по мне настоящая проблема что нельзя писать сообщения. Бывает что прям хочется поделиться мыслями о песне или почитать другие коментарии, но этого сделать нельзя. Я бы очень хотела чтобы это исправили и можно было писать комментарии.",София Кузьмина,2026-06-19 20:15:34,8.29
5,все прекрасно,Елизавета Данилова,2026-06-19 17:56:07,8.28
5,идеальное приложение,Таисия Черанёва,2026-06-19 17:51:11,8.25
5,Приложение удобное.,Micha,2026-06-19 16:34:19,8.28
1,"не работает приложение, каждый раз приходится перезаходить по 15 раз из за того, что выдаётся ошибка о не работающим интернете ( хотя интернет работает отлично ). вот не понятно за что плачу деньги",Дима Волков,2026-06-19 16:02:39,8.29
2,я скачал песни чтобы слушать без интернета почему когда я слушаю свой плейлист вместо моей песни выходит другая почему так? или так и должно быть,Амир Аношин,2026-06-19 15:59:47,
4,так всё хорошо но бесит реклама,Ангелина Кривошеева,2026-06-19 14:45:28,8.29
4,приложение неплохое. сделайте пожалуйста возможность удалять по несколько треков сразу,Савелий,2026-06-19 13:51:58,8.28
1,"При хорошей сети, пишет, что, что-то не так с интернетом, хотя с интернетом все супер, песни еле прогружает.",Jason Brodi,2026-06-19 12:21:12,8.29
1,ужасно,Арина,2026-06-19 12:13:45,8.29
5,все круто 😎,Елена Романюк,2026-06-19 10:28:01,8.29
5,"Господа, а у вас нет приложения для андроид тв что-ли?",Евжений,2026-06-19 05:42:38,8.23
3,сделайте перемешивание между плейлистами и альбомами и lite version где просто моя музыка и ничего лишнего,антон аминин,2026-06-19 04:07:59,8.28
5,имба,Даниил,2026-06-19 04:00:40,8.29
3,Я хз у меня на телефоне норм все работает а когда я на планшет захожу то пишет что нет интернета и все,Полина Литвинова,2026-06-19 03:46:38,8.28
5,прикольное приложение,Венера Мингалиева,2026-06-19 03:31:24,
5,помогает успокоится от проблем хоть на 3-4 часа,Ginger,2026-06-19 02:21:56,8.28
5,приложение шикарное купил подписку всё ещё лучше но почему приложение толком не учитывает мои вкусы до сих пор понять не могу.,Maks “The darkness of the soul”,2026-06-18 23:33:24,8.27
1,"Если бы можно было ставить 0 звезд, я бы поставила. Оплаченное приложение не грузится на мобильном интернете. Вот всё грузится отлично, то VK как обычно ""лучше всех"". Поддержка не работает. Как вы умудряетесь так плохо работать?",Elena,2026-06-18 23:32:04,8.29
1,Тупить не грузит,Eva Evocka,2026-06-18 23:05:38,8.29
5,так всё отлично токо бесит что надо сначала заплотить чтоб слушать с выключенным телефоном,Сема Ромашка,2026-06-18 22:03:46,8.29
5,мне всё нравится,Ульяна Хасанова,2026-06-18 20:52:51,8.23
5,"как по мне, приложение хорошее если ты или с деньгами или с безлимитным интернетом. Ну а если правда, то приложение очень хорошее, с него часто слушаю музыку. Разрабы, можете добавить такую функцию , чтобы можно было найти похожие по звучанию альбомы? ну как вк микс только для альбомов. Заранее спасибо если предложенная функция всë таки появится в приложении(спасибо, что добавили такую функцию)",Dontstopixo,2026-06-18 20:15:30,
5,приложение хорошее много музыки и хорошо работает проблем у меня с приложением не было,Артем Домаскин,2026-06-18 20:14:05,8.26
3,всë норм но вот в вк книги проблемы с загрузкой книг оно зависает и не работает,Jionhoni Safarali,2026-06-18 19:53:50,8.28
2,"приложение сошло с ума, больше 1к треков ПОАРЕЖДЕНО И ИХ НУЖНО СКАЧАТЬ ЗАНОВО, я сейчас сойду с ума, ладно вы зачем-то поменяли способ хранения ауоди-файлов из-за которой у меня постоянно требуется подгруза списка треков в режиме Скачано и я с этим смириласт Но вы решили что этого мало, приложение вывернулось на изнанку и просто разбило весь Скачаный плейлист на нескачанные файлы + пара загруженных, то есть нужно полностью удалять все сейвы и качать все заново.",Izuma Miamoto,2026-06-18 19:48:04,8.29
4,"Приложение крутое, но слишком часто вылазит реклама о подписке, хотя музыка у меня играет даже офлайн, хотя у меня её нет и сколько бы я не нажимала ""вижу слишком часто"" начинает вылетать (реклама) ЕЩЁ ЧАЩЕ",Hhh,2026-06-18 19:31:00,8.28
4,"Отличное приложение для музыки! Но иногда глючит, тормозит.",Владислав,2026-06-18 18:41:59,8.29
1,"не работает сохранение музыки. то вообще не может скачать плейлист, то скачивает, а потом стирает (будто не скачивал)",Peotr Zagubisalo,2026-06-18 16:27:34,8.29
4,Почему я не могу оформить подписку?,Владимир Литвинов,2026-06-18 16:07:33,8.28
1,"Теперь и вк музыка замедлена, да?) У меня при стабильном интернете, без выключенных впнов, с прекрасно работающим вк мессенджером вк музыка абсолютно ничего не грузит А смысл?)",Змей Горыныч,2026-06-18 16:03:51,8.28
5,вау мне так понравилось🤩,Карина,2026-06-18 15:37:13,8.29
5,мне очень нравится,Елин Евгении,2026-06-18 14:37:53,8.28
5,очень классное приложение🍓🌈🌸 всëх с днем лета 🍒,Aлена Алюсова,2026-06-18 14:18:52,8.29
1,"если хотите послушать музыку, приготовьтесь, ждать пока прогрузится приложение, ждать пока запуститься музыка, ждать пока приложение решить сохранять музыку или нет и тд. по идее у пользователя должна быть возможность слушать музыку при отключении интернета, НО, приложение не открывается ТК нет интернета!!!! за что вы снимаете ежемесячно плату???",Регина Валеева,2026-06-18 12:57:56,8.29
1,ужасное приложении хочешь скачать музыку плати хочешь слушать без перерывов чтобы постоянно не включать платье ужасное приложение реклама мешала,Катя,2026-06-18 12:30:47,8.29
1,"Очень сильно тормозит. Песни, которые скаченые, всё равно прогружает перед проигрыванием. Если нет сети, то в скаченые переходит через раз, приходится по нескольку раз сбрасывать приложение. Очень расстроена, было такое хорошее приложение. Придется переходить на другие музыкальные сервисы.",Svetlana Zav,2026-06-18 11:43:52,7.12
5,"после обнлвления работает отвратительно, чтобы попасть в скачанное без интернета уже доедешь бвстрее куда ехал",Kseniia Barankova,2026-06-18 04:13:06,8.29
3,меня не устраивает то что когда выключаешь телефон музыка выключается плюс к этому там ещё и есть реклама,Ярослав,2026-06-18 03:43:27,8.29
5,Приложение отпад🎉,Анна Павлова,2026-06-18 03:40:15,8.28
4,"Возникали сложности при подключении подписки, но все получилось. Единственное не даёт настроить вк микс выдавая ошибку, а так приложение хорошее",Ксения Ефигина,2026-06-18 02:01:41,8.29
5,Приложение топ❤️,Танзиро Комадо,2026-06-18 01:55:35,8.29
1,непонятная сложная помойка.,S K,2026-06-18 01:37:23,
1,не работает с впн,Илья Васильев,2026-06-17 23:51:45,8.28
1,"Больше месяца в приложении не работает переключение музыки, она практически не ставится на паузу, а если ставится, то уже совсем не включается обратно.",Сава Мурзыева,2026-06-17 23:16:48,8.28
5,"Нравится всё,недочёты необнаружены",Kersanov Aleksei,2026-06-17 23:01:09,8.29
4,"все хорошо, но уже 3 или 4 день попеременно не работает то на вай-фай, то на мобильной сети.",Sania :3,2026-06-17 21:03:49,8.29
5,Отличное приложение советую,Виолетта Казачек,2026-06-17 20:26:22,8.29
5,"Я считаю, что это лучшее приложение для прослушивания музыки. Всем советую.👍",GGgg,2026-06-17 18:24:46,8.29
1,"Всё испортили, теперь если нету интернета, то невозможно зайти в приложение. Ещё и тупит до невозможности, с плейлистами что-то наделали. Отключаю подписку и всё что с этим связано, ну как так можно было, столько лет всё было прекрасно и идеально.",Николай сартаков,2026-06-17 17:52:31,8.29
5,было бы лучше если еще и на улице можно было,Полинка Белоусова,2026-06-17 16:11:36,8.29
5,"отличное приложение для прослушывания музыки , всем советую",Руслан Баймурзаев,2026-06-17 15:56:20,8.29
2,"если открыть ранее скачанный плейлист, то нужен интернет, зачем? он же уже скачан",Руслан Следь,2026-06-17 15:33:20,8.29
1,не понятно,Виктория Ооржак,2026-06-17 14:29:48,8.28
1,Постоянно висящее приложение. Какие-то бесконечные сбои и ошибки. Самая частая ошибка - отсутствует подключение к сети. И это на домашнем интернете. Про мобильный вообще молчу. Платная подписка проблему не решает.,Татьяна Волкова,2026-06-17 13:53:29,8.29
1,идите подальше с рекламой,Дэниэл Ермачков,2026-06-17 13:24:13,
2,"Ишаки, уберите плашку с концертами или переносите куда-нибудь",Vladislav,2026-06-17 11:50:31,8.28
5,"Все отлично, есть вся музыка но минус есть это реклама но я уже привык",Сергей Перелыгин,2026-06-17 10:47:46,8.29
5,Всё просто ! Всё супер!,Иван Светлов,2026-06-17 08:31:54,8.29
5,прикольное приложение,Татьяна Александровна Швец,2026-06-17 07:01:21,
5,ништяк бро,Waaqo Pp,2026-06-17 06:39:04,8.29
5,"все отлично но можете добавить функцию где при добавление одинаковых песен в один плейлист, выскакивает предупреждение о том, что песня уже есть в плейлисте как в ютуб мьюзик🙏🏻 а так все отлично",Марьям Дениева,2026-06-17 05:23:38,8.26
5,"визуал приложения сделан крайне посредственно (не дизайн, а его реализация, человеком, который по глупому недоразумению называет себя программистом). по сравнению с немногочисленными конкурентами, не показывает фуллскрин рекламу (пока) при открытии и не превращает приложение для прослушивания музыки в ещё один канал продаж для билетов (пока). за счет пользовательского контента имеет самую обширную медиатеку, что для меня ключевой момент. в общем, приложение со своей целью справляется, спасибо.",серёжа,2026-06-17 04:00:13,8.29
4,Приложение хорошее но есть один минус:Всё время реклама идёт и выскакивает премиум подписка,Азиз Жуманиёзов,2026-06-17 03:51:26,
5,"всё устраивает, но я не могу оплатить подписку, живу в Казахстане, пишет ""покупка временно недоступна"".",Рома Леонтьев,2026-06-17 00:46:21,8.21
2,все хорошо но можете вернуть деньги я отменял покупку а приложение списала,Сергей Крылов,2026-06-17 00:11:27,
5,"приложение отпад, музыки много, достаточно вбить в поиск то что нужно и сразу найдешь, и по миксу можно найти классную музыку, еще круто что рекламы стало в разы меньше чем тогда, приложение бомба, советую😋😋",Быра607,2026-06-17 00:00:58,8.29
1,"треки не грузятся, смысл подписки,если невозможно слушать музыку?",Bel,2026-06-16 23:46:00,8.29
1,"накачал кучу музыки для поездки на дачу, где нет интернета. но приложение почему-то ПРИ КАЖДОМ его открытии РЕШАЕТ ПРОВЕРИТЬ ПОДКЛЮЧЕНИЕ к ВК айди, и не пускает дальше, если ты не законнектишься. ужас и мучение. не советую. проще в свою личку в тг насохранять музыки.",Brigmore,2026-06-16 23:44:29,8.21
5,всё супер,Слава,2026-06-16 23:21:32,
2,Из-за того что нужна подписка на скачивание музыки поставил 2 балла и думаю если бы не было подписки на это пришлось ещё больше людей,Максим,2026-06-16 22:42:19,8.29
1,"скачала мызыку что бы слушать без интернета, итог выдаёт ошибку ,просит интернет ну как бы ало я вам за это плачу так какого вообще вы деньги берете а услугу не предоставляете .....",Валерия,2026-06-16 20:48:54,8.28
1,"Навайбкодили ужасное приложение. Сотрудники от менеджеров до тестировщиков в команде ВК музыки не заслуживают получать зарплату и сырки в офисе. Выкатывают в прод мусор, который вылетает бесконечно. Иногда просто выкидывает без возможности зайти, т.к. превышено количество попыток) Направить отзыв о работе просто невозможно, ибо бросает на бота, который не позволяет в свободной форме дать фидбек, а только кидает с темы на тему. Я пользуюсь ещё с бума, но с каждой фичей все хуже(",Александр Плейбойлилсанович,2026-06-16 19:19:54,8.29
1,"Будьте осторожны с подписками ВК. Сняли деньги за продление подписки Музыки,при этом отключили саму подписку и не возвращают деньги. Обращение в поддержку игнорируют. Лучше найти другое приложение,никому не посоветую",Анастасия,2026-06-16 18:35:11,
3,Всё нормально но я немог сначала обновить приложение а потом не могу сказачать разберитесь пожалуйста,Дима Пряхин,2026-06-16 17:38:19,8.7
1,не могу понять как зарегистрироваться,дима харьковский,2026-06-16 16:30:01,
1,плохо!!!,Надежда Москвитина,2026-06-16 15:59:26,
5,прикольно,Good,2026-06-16 15:37:45,
1,"чем дальше,тем хуже. нет интернета,скачаное очень тяжело послушать,пока оно поймет что нет интернета. сейчас и с добавлением песен в плейлист стала проблема,не добавляет,а если хочешь просто скачать трек,он автоматически добавляется в твои треки. отвратительное приложение",Сергей Шумилов,2026-06-16 15:18:25,8.29
5,рекламы много 🤣,александр киртока,2026-06-16 14:59:31,8.29
5,Всё Очень Класс и красиво!!! Спасибо 👍🔥💐,Виталий,2026-06-16 14:44:33,8.29
5,ВК музыка это топовая Мне очень нравится так приложение думаю скачайте все это приложение но оно очень тёплая и милая она может она может на кнопку нажимать и у вас песни разные получаются лучше скачать ВК Музыку 🤩🤩🤩,Dyra Tynaia,2026-06-16 14:20:48,
5,"мне нравится, подписки недорогие, реклама не долгая даже если есть, музыка есть почти вся, а может вся",Korsik,2026-06-16 13:55:46,8.28
5,нравится сикс севен,Оля С,2026-06-16 13:28:49,8.29
3,"интерфейс в сентябре 2025 года был куда интересней и лучше. убрали личный рейтинг часто проигранных треков – очень жаль. часто бывает, что приложение тормозит",Ульяна Федорова,2026-06-16 10:45:20,8.28
5,"хорошо, но мне пока не привычно возвратятся в ВК с Яндекс музыки но приложение очень хорошее, я бы хотела что бы были ВК книги( а так советую",Buka,2026-06-16 08:49:05,
5,"я почитала несколько отзывов и если честно, то у меня работает всë отлично, НО... я начала их читать слишком поздно... я обновила приложение и только потом начала читать отзывы... они били ужасные... мне стало страшно что я испортила этим обновлением приложение которое нормально работало... в общем как проверю испортила или нет,напишу плохо всë или нет.",Эллина,2026-06-16 04:28:10,8.29
1,"одна реклама,фильма который вышел два месяца назад.....",Сереня Сапогов,2026-06-16 03:43:34,8.26
5,кайф,вымя,2026-06-16 02:33:12,8.28
5,👍,Чеширский Кот,2026-06-16 02:17:36,8.26
4,"Купил подписку,отвратительно,все время висит и запинается при использовании мобильного интернета в то время как приложения конкурентов нормально грузятся (того же Яндекс,например). Очень надеюсь на быстрое исправление ситуации иначе откажусь. Исправились,надеюсь что будет стабильно, пока повышу до 4х, если не ухудшится, сменю на 5",Сергей,2026-06-16 02:15:28,7.6
5,"пользуюсь довольно долго, всё хорошо но! Если у вас глюки в приложении то у вас проблема с телефоном либо с интернетом, всё идеально!",DANIL IVANOV,2026-06-16 01:21:24,8.28
1,"самый конченный сервис,лагает абсолютно всё,начиная с воспроизведения треков и функций их переключения(треки не прогружаются до конца,либо не воспроизводятся вовсе)вк микс разумеется не может предложить треки которые хочется послушать,подбор треков работает так великолепно,что один и тот же трек за 10 минут времени может заиграть раза 3,иногда одинаковые треки идут сразу друг за другом,ты можешь добавить песню в понравившиеся,но в разделе ""моя музыка"" её не окажется,зачем платить за эту шляпу?",Krivoy,2026-06-16 00:29:21,8.29
4,"без подписки это шляпа полная, верните старую музыку в вк",Naaby_Ray,2026-06-15 23:50:31,8.27
2,"ужастно тормозит, долго подключается к интернету. раньше было намного стабильнее и быстрее",Алексей,2026-06-15 22:57:20,8.29
1,"верните прежний интерфейс ,почему в плейлист нельзя добавлять больше 1000 песен ,раньше это было возможно ,а теперь постоянно надо новый плейлист создавать",Курочкина Марина,2026-06-15 22:46:44,8.29
1,плохо себя увы.,Uncle Vitya,2026-06-15 22:03:00,8.29
4,"Достаточно хорошее приложение, большой выбор, меньше рекламы — было бы 5 звезд",Ильзия Сойманова,2026-06-15 21:14:05,8.27
5,все нравится спасибо.,Владислав Санашев,2026-06-15 19:12:47,8.7
3,это приложение не плохое но на каждом треке реклама и нету половины песен и куда то исчезают так что 3 звезды,Елизавет,2026-06-15 16:51:31,8.29
1,"Мой аккаунт на ВК временно заблокировали за мнение. Мнение ничего противозаконного не содержало, но ВК захотели цензурнуть. Ну пожалуйста, я вообще уйду из их соцсети, пусть обцензурятся. Но я оплатил музыку. С какой стати мне отключили музыку? Я за неё заплатил! Нравится вам моё мнение или нет, оплаченные услуги вы обязаны предоставить! Верните музыку немедленно!",Vladislav Matveev,2026-06-15 15:44:25,8.28
5,класс,Максим,2026-06-15 14:54:36,8.28
5,вообще приложение классное,Stepchik Kartelchik,2026-06-15 13:41:40,
5,"всё начало работать идеально, извиняюсь за прошлый плохой отзыв",Улька Безверхая,2026-06-15 12:45:17,8.28
1,Ваша приложение ужасно,Nurbol Kenzhebai,2026-06-15 12:14:32,8.28
1,"Как было г так и осталось, ничего не грузит, сидишь часами ждёшь",Антон Щипанов,2026-06-15 10:01:33,8.28
5,впечатлил,Paguo Cuctema,2026-06-15 09:29:48,8.7
5,ок,Денис,2026-06-15 06:00:32,8.28
2,"Год назад я возмущалась, что скачанная музыка в одном месте отображалась, в другом нет. Исправили, молодцы. Теперь у нас постоянно глушат интернет. К счастью у меня есть подписка и скачанное. НО без интернета в приложение НЕВОЗМОЖНО ЗАЙТИ!!! Оно требует повторить вход в аккаунт и естественно это невозможно без интернета. И как послушать музыку? Зачем я её скачиваю, если слушать могу только с интернетом?",Yu Sa,2026-06-15 04:31:43,8.26
4,"После смены телефона на Samsung Galaxy S25 приложение стало очень сильно тормозить (пользоваться невозможно), как будто есть ограничение на скорость интернета у этого приложения. При этом через VK всё работает нормально. Поддержка требует какую-то ""ссылку на видео, с которым проблема"" и без этого ничего больше не делает. UPD: Проблема решилась, само приложение нормальное, подборка хорошая, но алгоритмы работы поддержки ужасны.",Михаил С,2026-06-15 03:38:28,8.28
5,классное приложение,Дмитрий Мамаджанов,2026-06-15 02:59:36,8.6
5,"отличное приложение, продолжайте в том же духе ( жду больше текстов к музыке)",Илья Малявкин,2026-06-15 02:35:18,8.28
5,"хорошее приложение пользуюсь уже очень долго,но нужно улучшить микс чтобы выбирать сразу несколько вариантов например спокойный+знакомый",Карина Покацкая,2026-06-15 01:56:03,
5,Идеально рекомендую,Милена Белякова,2026-06-15 00:55:15,8.28
3,подписка за музыку списывается автоматически из моих 250 рублей осталось 50.,кока дуолинго,2026-06-15 00:27:05,8.28
4,"Приложение хорошее, но одна притензия. Почему я не могу слушать скачаную музыку? Она же скачана, а с меня требует подписку",Дмитрий Прохоров,2026-06-14 23:56:07,8.25
5,"Очень хорошее приложение, всё что любишь всегда под рукой!",Ринат,2026-06-14 23:16:19,8.28
1,было все супер при пробной подписке после купила просто в месяц и все начало работать ужасно постоянные лаги и переход в скаченные песни когда с интернетом все хорошо включаю вк микс спустя пару минут песня пропадает как уведомление но сама играет я включаю другую и ставлю её на паузу и включается та которая пропала и выключить её невозможно или просто перестает играть тоже самое со скаченными и лайкнутыми,Милана Волкова,2026-06-14 22:44:45,
1,реклама через каждее 3 трека. ужас когда ищет трэк,Максат Рыбак,2026-06-14 21:55:46,8.28
1,что за баг хочу включить музыку повторяет одну и ту же я удаляю приложение 1 оценка максимум что вы заслужили,Подтверждение,2026-06-14 21:24:04,
1,"Приложение не работает даже с интернетом. Деньги на ветер. (Переустанавливать пробовала, безрезультатно).",Настя Ходаковская,2026-06-14 21:16:32,
1,"пользуюсь этим приложение для прослушивание аудиокниги. отвратительно. треки перепрыгивают, сами переключаются. элементарно нет кнопки перемотки на 15-30 секунд...",Дмитрий Прядун,2026-06-14 20:44:04,8.28
5,очень удобно слушать песни,Маргарита Ермакова,2026-06-14 19:28:57,8.28
1,"изначально был у меня хороший отзыв,но теперь,это просто ужас.приложение абсолютно стало не рабочим,приходиться теперь слушать музыку через само вк.",Даша,2026-06-14 17:21:24,8.28
1,"приложение мусор, даже нельзя слушать песни в фоне. Нужно что бы приложение постоянно было открыто, это не дело",Владислав,2026-06-14 17:08:49,8.28
1,Войти в аккаунт невозможно пишут: Сессия не найдена повторите попытку позже.,Степан Андреев,2026-06-14 16:01:40,8.28
1,"Объясните мне, пожалуйста, для чего в приложении нужны скаченные песни? Наверно чтоб слушать без интернета, да? Так вот, почему мне нужно соединение с интернетом чтоб открыть скаченное? Это первый момент, второе - даже скаченные песни какого-то хрена должны сначала прогрузиться чтобы заиграть, что за бред? Исправьте эту чушню",Эйсен,2026-06-14 13:36:23,8.28
1,"верните всё назад. изуродовали приложение. исчезли подборки с главной страницы, это было удобно. моя музыка и плейлисты живут своей жизнью. я начинаю слушать свои подборки и вдруг заклинивает на исполнителе. а если мне у исполнителя нравится только одна песня? из удобного приложения для людей сделали не пойми что. для чего это всё, что бы люди перестали пользоваться? очень печально",Елена Скрипунова,2026-06-14 12:14:40,8.28
1,"деньги за подписку сняли, но музыка на фоне не проигрывает",Алтынбек Шопанов,2026-06-14 10:46:46,8.28
1,"потеряла аккаунт два года назад,когда пытаюсь зайти на акк выдаёт ошибку,типо попытайтесь зайти через 15 минут,по вашему 2 года это 15 минут что ли?",Vika Belousova,2026-06-14 06:07:59,
5,мне все очень нравится 🔥,Юлия,2026-06-14 05:14:01,8.28
1,так одна звезда это что я генерал что ли получается ничего се,Кирилл Козлов,2026-06-14 05:03:30,8.28
5,"целую ручки дизайнерам, программистам и подборщикам плейлистов. приложение стало крутым, удобным. умнички! спасибо вам!",silhouette371,2026-06-14 04:40:46,
4,"Приложение отличное везде плюсы. но есть только немного минусов. 1. частая реклама,не удобно слушать 2. когда выключается экран, то и песня не играет 3. на некоторых песня нет текста. очень не удобно когда не знаешь текст но песню нужно выучить.",Анастасия,2026-06-14 04:28:17,8.28
5,супер,Nikolay Kekw,2026-06-14 03:36:50,
5,"Спасибо разработчикам приложения ""VK Музыка"" за новые обновления программы.Желаю приложению ""VK Музука"" дальнейшего развития на благо его пользователей.Я желаю вам новых успехов в вашей работе.Продолжайте и дальше развивать ваше приложение ""VK Музыка"".Я буду ждать новых обновлений вашей программы.Спасибо разработчикам приложения ""VK Музыка"" за новое обновление программы,которое улучшило звук в приложении.Я его очень высоко оценил.Спасибо разработчикам приложения ""VK Музыка"" за их работу.",Виталий Парамонов,2026-06-14 03:31:42,8.26
5,🫶❤️,NATT VENUS,2026-06-14 00:08:45,
5,со-всех сторон хорошо!,Павел,2026-06-13 23:50:43,8.27
5,Идеальная приложуха🎀💐,Кира,2026-06-13 23:11:34,8.28
1,не советую как будто создали для слушания рекламы,ILIIAZ ULUKBEK UULU,2026-06-13 22:29:20,8.28
1,"убогое приложение. за месяц использования вычли два раза, тех поддержка отвечает через два часа. крайне не рекомендую. мтс лучше. деньги за бесплатный, пробный месяц не вернули.",Александр Нескажу,2026-06-13 22:14:07,8.28
4,много классных песен и большенство тренды и много знакомых песен,Эвелина Харламова,2026-06-13 21:38:51,8.28
3,"стало тормозить в последнее время, я понимаю что проблема сейчас везде из за оборудования и интернета, но не очень приятно. Будут ли обновления в ближайшее время?",София Емельяненко,2026-06-13 20:45:17,8.28
5,Отличное Приложение,Пётр Семёнов,2026-06-13 19:14:54,8.28
2,"Очень медленное приложение, кошмар просто. При открытии пишет, что нет соединения, хотя отлично работает инет и другие приложения. Никому советовать не буду это приложение.",Minnie Seong,2026-06-13 18:36:02,8.27
5,очень хорошее приложение 👍,Семён Ноздреватых,2026-06-13 18:29:11,8.28
5,лучшее приложение,FACER,2026-06-13 15:53:43,
5,лайк,о5 работать,2026-06-13 15:13:47,8.25
5,"с этим обновлением заработал эквалайзер,",Алексей Ганов,2026-06-13 15:12:51,8.28
5,хорошая музыка,Анастасия Бархатова,2026-06-13 14:42:07,8.28
2,"Разве смысл раздела ""скачанное"" не в том, чтобы включаться сразу, независимо от того есть интернет или нет???? Не совсем понимаю логику загрузки СКАЧАННОГО трека по минуте, а то и больше. ""???""",Ксения Камски,2026-06-13 14:25:21,
1,"После закона о цензуре вк музыка получила вторую жизнь с перезаливами от пользователей треков без цензуры. Также сделали плавный переход как в Яндексе, ещё бы десктопную версию сделали и микс починили на версии для сайта и не было бы вопросов вообще. Ну и хотелось бы текст песен по плавнее, и приколюху с отрезком клипа на заднем плане как у спотифая и яндекса соответственно) Предыдущие баги со скачкой треков починили, и синхронизацию треков тоже) UPD:ЦЕНЗУРУ ДАЖЕ НА СОХРАНЁННЫЕ ТРЕКИ СДЕЛАЛИ!!!",Koval Stas,2026-06-13 13:45:16,
1,"Скачал чтобы слушать музыку, а не рекламу, по итогу появилась отталкивающая реклама в самой музыке из-за чего удалил без раздумий.",Асхат Газизов,2026-06-13 13:31:40,
5,все четка только убирать пики в музыки поже,Просто Саня,2026-06-13 13:07:47,
1,"это какой то прикол с невозможностью слушать музыку на фоне? ещё и с работающим VPN не работает, это вообще нонсенс",Косоглазый Котик,2026-06-13 12:39:08,8.28
5,очень хорошее предложение,Анна Шевченко,2026-06-13 11:53:38,8.28
4,песни всë работает но я хочю слушать песни вне в приложение типо в игре играть и включить музыку,Вера Карнабеда,2026-06-13 07:11:17,8.28
5,отлично,Ruslan,2026-06-13 06:46:50,
5,прекрасное приложение,Влад Костюк,2026-06-13 06:34:01,8.28
1,просто отключается музыка каждые 40 секунд,YØUR ÐΣΔŦH,2026-06-13 05:30:35,8.28
2,"Само приложение - более менее нормальное, хотя пару лет назад его испортили, полностью поменяв интерфейс. Но вот сервис - бесполезный. Без подписки нельзя слушать музыку в фоне или с выключенным экраном - какие то проблемы? Неужели это так сложно? Нельзя скачивать треки - тоже ужас.",Avorodz,2026-06-13 03:57:29,8.13
5,супер💞💞💞💞,Ирина Мельникова,2026-06-13 02:27:41,8.27
5,🥰,Юрий Пушков,2026-06-13 02:04:46,8.28
5,😁👍,Денис Ясеновой,2026-06-13 01:43:00,8.28
1,очень плохо войти не смог,Тигран Парсилян,2026-06-12 23:52:06,
4,"Приложение крутое, доступно без интернета. Однако подписка стоит дорого. Можно хотя бы добавить фоновый режим в бесплатную версию. Потому что например ты вот бегаешь и тебе придется включать каждый раз телефон, чтобы снова играла музыка. Ставлю пока 4 звезды.",Leca Temlyantseva,2026-06-12 23:13:38,8.28
5,круто самое лучшее приложение для меня 👍👍👍👍,Ифтихор Зулыикоров,2026-06-12 23:09:01,8.28
1,"после обновления интерфейса на интерфейс основного VK, нет желания больше платить за подписку. ps. после последнего обновления акканут стал вылетать каждые 2 часа, это самое худшее приложение для музыки, лучше скачайте впн, оплатите его и слушайте музыку где угодно но не тут.",all even,2026-06-12 22:53:34,8.28
1,"инвалиды которые создавали алгоритмы для вк микса, вообще не понимают что мне не по кайфу слушать одно и то же на протяжении полугода и не надо мне пихать эти одинаковые треки, и вообще микс я слушаю для того чтобы пополнить свой плейлист чем то новым, а не чтоб слушать в сотый раз трек который я уже добавил",Leha Geymer,2026-06-12 22:27:20,
5,очень хорошие треки с хорошим качеством спасибо,Igor,2026-06-12 21:47:49,8.28
3,"Приложение мне нравится, я всегда нахожу в нём музыку, которую хотела послушать. Однако есть несколько моментов, которые меня не устраивают. Во-первых, чтобы скачать музыку, нужно оформить подписку. Это вызывает недоумение: почему за то, что ты любишь, нужно платить? Во-вторых, кроме того, когда я перехожу в другое приложение, музыка сразу исчезает. Это тоже непонятно. Получается, вы получаете доход не от своей музыки!",Мария Абушкевич,2026-06-12 21:35:11,
4,"все было отлично,но после обновления не могу найти похожие на прослушанные,кому это мешало и зачем убрали хз",Dag,2026-06-12 20:27:37,8.28
5,самое отличное приложение.Мне оно очень нравится,Макс,2026-06-12 17:52:37,
4,не вся музыка есть,Машуля,2026-06-12 17:44:35,
5,да пойдет,Александр Александрович,2026-06-12 16:50:56,8.28
5,Можете добавить в приложение если есть Маруся то можно нажать включить на Марусе это будет очень удобно!,Максим Харин,2026-06-12 16:30:06,8.28
3,"Исправлю отзыв, если будет какой нибудь фикс Вместо утренней зарядки сейчас пишу этот отзыв, потому что через приложение пропала возможность слушать миксы по жанрам и по вайбу (утро, вечеринка, работа и тд). На компьютере все еще есть через веб-интерфейс такая возможность. Куда делось на телефоне? Зачем убрали? Я не знаю как другие пользователи, но я за то чтоб вернули эту функцию. Я не люблю миксы по артистам, но сейчас я не могу выбрать ничего кроме этого и микса по настроению",sveti,2026-06-12 15:09:23,8.28
1,"кал лютый! для него впн нужен? вечно что-то с интернетом...последнюю неделю вообще не возможно запустить, что-то с интернетом, что-то с интернетом...",Семен,2026-06-12 15:08:47,8.28
3,почему когда выключаешь телефон выключается музыка?,milaaa,2026-06-12 15:00:23,
1,почему перестал работать поиск? почему приложение стало вылетать? за что мы платим деньги?,Евгений,2026-06-12 14:54:49,
